{
	"@event_date_creation": "2019-05-18T21:40:45.541Z",
	"@timestamp": "2019-05-18T21:40:45.584Z",
	"@version": "1",
	"action": "processcreate",
	"event_id": 1,
	"file_company": "Microsoft Corporation",
	"file_description": "whoami - displays logged on user information",
	"file_product": "Microsoft® Windows® Operating System",
	"file_version": "10.0.17763.1 (WinBuild.160101.0800)",
	"fingerprint_process_command_line_mm3": 2899086180,
	"hash_imphash": "7FF0758B766F747CE57DFAC70743FB88",
	"hash_md5": "43C2D3293AD939241DF61B3630A9D3B6",
	"hash_sha1": "47D7864D26FC67E0D60391CBF170D33DA518C322",
	"hash_sha256": "1D5491E3C468EE4B4EF6EDFF4BBC7D06EE83180F6F0B1576763EA2EFE049493A",
	"host_name": "it001.shire.com",
	"level": "Information",
	"log_ingest_timestamp": "2019-05-18T21:40:45.584Z",
	"log_name": "Microsoft-Windows-Sysmon/Operational",
	"process_command_line": "\"c:\\windows\\system32\\whoami.exe\"",
	"process_current_directory": "c:\\windows\\tasks\\",
	"process_guid": "aa6b4a20-7bdd-5ce0-0000-001047551d00",
	"process_id": "2088",
	"process_integrity_level": "High",
	"process_name": "whoami.exe",
	"process_parent_command_line": "c:\\windows\\microsoft.net\\framework64\\v4.0.30319\\msbuild.exe  c:\\windows\\tasks\\pshell.xml",
	"process_parent_guid": "aa6b4a20-7b8d-5ce0-0000-001028031c00",
	"process_parent_id": "5656",
	"process_parent_name": "msbuild.exe",
	"process_parent_path": "c:\\windows\\microsoft.net\\framework64\\v4.0.30319\\msbuild.exe",
	"process_path": "c:\\windows\\system32\\whoami.exe",
	"provider_guid": "5770385f-c22a-43e0-bf4c-06f5698ffbd9",
	"record_number": "2994778",
	"source_name": "Microsoft-Windows-Sysmon",
	"task": "Process Create (rule: ProcessCreate)",
	"thread_id": 2136,
	"type": "wineventlog",
	"user_account": "shire\\pgustavo",
	"user_domain": "shire",
	"user_logon_guid": "aa6b4a20-7b8c-5ce0-0000-002071cb1b00",
	"user_logon_id": 1821553,
	"user_name": "pgustavo",
	"user_reporter_domain": "NT AUTHORITY",
	"user_reporter_name": "SYSTEM",
	"user_reporter_sid": "S-1-5-18",
	"user_reporter_type": "User",
	"user_session_id": "0",
	"version": 5
}