{
    "_index": "logs-endpoint-winevent-sysmon-2019.05.18",
    "_type": "_doc",
    "_id": "a43f52f8a2ec9cbc0c4266a510a719e0a8fb5a8d",
    "_score": 1,
    "_source": {
      "user_logon_id": 1821553,
      "beat_name": "WECserver",
      "file_description": "whoami - displays logged on user information",
      "beat_version": "6.7.0",
      "user_reporter_type": "User",
      "log_name": "Microsoft-Windows-Sysmon/Operational",
      "record_number": "2994778",
      "thread_id": 2136,
      "process_integrity_level": "High",
      "log_ingest_timestamp": "2019-05-18T21:40:45.584Z",
      "file_company": "Microsoft Corporation",
      "fingerprint_process_command_line_mm3": 2899086180,
      "user_reporter_name": "SYSTEM",
      "hash_sha256": "1D5491E3C468EE4B4EF6EDFF4BBC7D06EE83180F6F0B1576763EA2EFE049493A",
      "user_domain": "shire",
      "task": "Process Create (rule: ProcessCreate)",
      "meta_process_command_line_length": 32,
      "process_id": "2088",
      "meta_user_name_is_machine": "false",
      "provider_guid": "5770385f-c22a-43e0-bf4c-06f5698ffbd9",
      "event_id": 1,
      "process_current_directory": "c:\\windows\\tasks\\",
      "process_command_line": "\"c:\\windows\\system32\\whoami.exe\"",
      "meta_user_reporter_name_is_machine": "false",
      "file_product": "Microsoft® Windows® Operating System",
      "process_name": "whoami.exe",
      "beat_hostname": "WECserver",
      "process_path": "c:\\windows\\system32\\whoami.exe",
      "process_parent_name": "msbuild.exe",
      "z_original_message": "Process Create:\nRuleName: \nUtcTime: 2019-05-18 21:40:45.541\nProcessGuid: {aa6b4a20-7bdd-5ce0-0000-001047551d00}\nProcessId: 2088\nImage: C:\\Windows\\System32\\whoami.exe\nFileVersion: 10.0.17763.1 (WinBuild.160101.0800)\nDescription: whoami - displays logged on user information\nProduct: Microsoft® Windows® Operating System\nCompany: Microsoft Corporation\nCommandLine: \"C:\\Windows\\system32\\whoami.exe\"\nCurrentDirectory: C:\\Windows\\Tasks\\\nUser: SHIRE\\pgustavo\nLogonGuid: {aa6b4a20-7b8c-5ce0-0000-002071cb1b00}\nLogonId: 0x1BCB71\nTerminalSessionId: 0\nIntegrityLevel: High\nHashes: SHA1=47D7864D26FC67E0D60391CBF170D33DA518C322,MD5=43C2D3293AD939241DF61B3630A9D3B6,SHA256=1D5491E3C468EE4B4EF6EDFF4BBC7D06EE83180F6F0B1576763EA2EFE049493A,IMPHASH=7FF0758B766F747CE57DFAC70743FB88\nParentProcessGuid: {aa6b4a20-7b8d-5ce0-0000-001028031c00}\nParentProcessId: 5656\nParentImage: C:\\Windows\\Microsoft.NET\\Framework64\\v4.0.30319\\MSBuild.exe\nParentCommandLine: C:\\Windows\\Microsoft.NET\\Framework64\\v4.0.30319\\MSBuild.exe  C:\\Windows\\Tasks\\pshell.xml",
      "user": {},
      "process_parent_id": "5656",
      "host_name": "it001.shire.com",
      "user_logon_guid": "aa6b4a20-7b8c-5ce0-0000-002071cb1b00",
      "process_guid": "aa6b4a20-7bdd-5ce0-0000-001047551d00",
      "user_reporter_domain": "NT AUTHORITY",
      "process_parent_command_line": "c:\\windows\\microsoft.net\\framework64\\v4.0.30319\\msbuild.exe  c:\\windows\\tasks\\pshell.xml",
      "user_session_id": "0",
      "@event_date_creation": "2019-05-18T21:40:45.541Z",
      "process_parent_path": "c:\\windows\\microsoft.net\\framework64\\v4.0.30319\\msbuild.exe",
      "@version": "1",
      "type": "wineventlog",
      "level": "Information",
      "z_logstash_type": "wineventlog",
      "file_version": "10.0.17763.1 (WinBuild.160101.0800)",
      "version": 5,
      "@timestamp": "2019-05-18T21:40:45.584Z",
      "user_name": "pgustavo",
      "z_logstash_pipeline": [
        "0098",
        "fingerprint-0099-001",
        "fingerprint-0099-003",
        "winlogbeat_6-field_nest_cleanup",
        "1500",
        "1521",
        "1522",
        "1523_1",
        "1523_6",
        "1524_2",
        "1524_5",
        "1524_6",
        "1524_7",
        "1531",
        "1541_1",
        "1541_2",
        "1543_1",
        "1544_1",
        "1544_2",
        "1544_3",
        "1544_4",
        "1544_7",
        "winevent-hostname-cleanup",
        "winevent-user_name-is-machine-account",
        "winevent-user_reporter_name-is-machine-account",
        "ruby-8801-0001",
        "copy-8802-001",
        "copy-8802-002",
        "fingerprint-8901-001"
      ],
      "opcode": "Info",
      "source_name": "Microsoft-Windows-Sysmon",
      "host": {
        "name": "WECserver"
      },
      "hash_sha1": "47D7864D26FC67E0D60391CBF170D33DA518C322",
      "action": "processcreate",
      "process_parent_guid": "aa6b4a20-7b8d-5ce0-0000-001028031c00",
      "user_reporter_sid": "S-1-5-18",
      "hash_md5": "43C2D3293AD939241DF61B3630A9D3B6",
      "meta_process_command_line_has_non_ascii": false,
      "hash_imphash": "7FF0758B766F747CE57DFAC70743FB88",
      "user_account": "shire\\pgustavo"
    },
    "fields": {
      "@timestamp": [
        "2019-05-18T21:40:45.584Z"
      ],
      "@event_date_creation": [
        "2019-05-18T21:40:45.541Z"
      ],
      "log_ingest_timestamp": [
        "2019-05-18T21:40:45.584Z"
      ]
    }
  }