{
	"@event_date_creation": "2019-05-18T22:15:33.007Z",
	"@timestamp": "2019-05-18T22:15:33.697Z",
	"@version": "1",
	"action": "createremotethread",
	"event_id": 8,
	"log_ingest_timestamp": "2019-05-18T22:15:33.697Z",
	"log_name": "Microsoft-Windows-Sysmon/Operational",
	"opcode": "Info",
	"process_guid": "03ba39f5-50b2-5ce0-0000-00109995c501",
	"process_id": "5452",
	"process_name": "powershell.exe",
	"process_path": "c:\\\\windows\\\\system32\\\\windowspowershell\\\\v1.0\\\\powershell.exe",
	"process_target_guid": "03ba39f5-8320-5ce0-0000-00101ec72502",
	"process_target_id": "3124",
	"process_target_name": "notepad.exe",
	"process_target_path": "c:\\\\windows\\\\system32\\\\notepad.exe",
	"provider_guid": "5770385f-c22a-43e0-bf4c-06f5698ffbd9",
	"record_number": "2273503",
	"source_name": "Microsoft-Windows-Sysmon",
	"task": "CreateRemoteThread detected (rule: CreateRemoteThread)",
	"thread_id": 3144,
	"thread_new_id": "7940",
	"thread_start_address": "0x00007FFECED8F220",
	"thread_start_function": "LoadLibraryA",
	"thread_start_module": "C:\\\\Windows\\\\System32\\\\KERNEL32.DLL",
	"type": "wineventlog",
	"user_reporter_domain": "NT AUTHORITY",
	"user_reporter_name": "SYSTEM",
	"user_reporter_sid": "S-1-5-18",
	"user_reporter_type": "User"
}