/wiki/Main_Page,/
/caret,https://mitre-attack.github.io/caret
/wiki/Help:Glossary,/resources/glossary
/wiki/Help:Contents,/
/wiki/Full_Analytic_List,/analytics
/wiki/Contribute,/CONTRIBUTING
/wiki/Data_Model,/data_modelNeed to fix the data model page
/wiki/Data_Model/driver,/data_model/driver
/wiki/Data_Model/file,/data_model/file
/wiki/Data_Model/flow,/data_model/flow
/wiki/Data_Model/module,/data_model/module
/wiki/Data_Model/process,/data_model/process
/wiki/Data_Model/registry,/data_model/registry
/wiki/Data_Model/service,/data_model/service
/wiki/Data_Model/thread,/data_model/thread
/wiki/Data_Model/user_session,/data_model/user_session
/wiki/Category:Sensors,/sensors
/wiki/Autoruns,/sensors/autoruns
/wiki/Sysmon_(2.0),/sensors/sysmon_2.0Need to verify :heavy_check:
/wiki/Sysmon_(3.1),/sensors/sysmon_3.1
/wiki/Sysmon_(3.2),/sensors/sysmon_3.2
/wiki/CAR-2014-05-001,/analytics/CAR-2014-05-001
/wiki/CAR-2016-04-005,/analytics/CAR-2016-04-005
/wiki/CAR-2013-02-008,/analytics/CAR-2013-02-008
/wiki/CAR-2013-04-002,/analytics/CAR-2013-04-002
/wiki/CAR-2016-04-004,/analytics/CAR-2016-04-004
/wiki/CAR-2016-03-002,/analytics/CAR-2016-03-002
/wiki/CAR-2013-03-001,/analytics/CAR-2013-03-001
/wiki/CAR-2014-07-001,/analytics/CAR-2014-07-001
/wiki/CAR-2015-04-002,/analytics/CAR-2015-04-002
/wiki/CAR-2013-02-012,/analytics/CAR-2013-02-012
/wiki/CAR-2014-03-005,/analytics/CAR-2014-03-005
/wiki/CAR-2013-10-002,/analytics/CAR-2013-10-002
/wiki/CAR-2013-07-005,/analytics/CAR-2013-07-005
/wiki/CAR-2014-04-003,/analytics/CAR-2014-04-003
/wiki/CAR-2014-11-005,/analytics/CAR-2014-11-005
/wiki/CAR-2013-05-004,/analytics/CAR-2013-05-004
/wiki/CAR-2013-07-001,/analytics/CAR-2013-07-001
/wiki/CAR-2014-03-001,/analytics/CAR-2014-03-001
/wiki/CAR-2015-07-001,/analytics/CAR-2015-07-001
/wiki/CAR-2013-09-005,/analytics/CAR-2013-09-005
/wiki/CAR-2014-11-004,/analytics/CAR-2014-11-004
/wiki/CAR-2013-05-005,/analytics/CAR-2013-05-005
/wiki/CAR-2013-02-003,/analytics/CAR-2013-02-003
/wiki/CAR-2013-05-002,/analytics/CAR-2013-05-002
/wiki/CAR-2014-11-003,/analytics/CAR-2014-11-003
/wiki/CAR-2014-11-007,/analytics/CAR-2014-11-007
/wiki/CAR-2014-03-006,/analytics/CAR-2014-03-006
/wiki/CAR-2013-10-001,/analytics/CAR-2013-10-001
/wiki/CAR-2014-11-006,/analytics/CAR-2014-11-006
/wiki/CAR-2013-07-002,/analytics/CAR-2013-07-002
/wiki/CAR-2013-09-003,/analytics/CAR-2013-09-003
/wiki/CAR-2013-05-003,/analytics/CAR-2013-05-003
/wiki/CAR-2014-11-002,/analytics/CAR-2014-11-002
/wiki/CAR-2014-02-001,/analytics/CAR-2014-02-001
/wiki/CAR-2016-04-003,/analytics/CAR-2016-04-003
/wiki/CAR-2013-01-003,/analytics/CAR-2013-01-003
/wiki/CAR-2016-03-001,/analytics/CAR-2016-03-001
/wiki/CAR-2015-04-001,/analytics/CAR-2015-04-001
/wiki/CAR-2014-05-002,/analytics/CAR-2014-05-002
/wiki/CAR-2013-01-002,/analytics/CAR-2013-01-002
/wiki/CAR-2013-08-001,/analytics/CAR-2013-08-001
/wiki/CAR-2016-04-002,/analytics/CAR-2016-04-002
/wiki/CAR-2014-12-001,/analytics/CAR-2014-12-001
/wiki/CAR-2014-11-008,/analytics/CAR-2014-11-008
/wiki/CAR-2013-05-009,/analytics/CAR-2013-05-009
